{
  "integrations": [
    {
      "id": "78638587-af54-4bca-a7df-d210fa5b4cb4",
      "name": "Create Contact",
      "action": "CREATE_EVENT",
      "type": "INBOUND_WEBHOOK",
      "deployed": true,
      "form": "f4d91dd4-c773-4f0b-a312-77f75e459434",
      "script": "/** Salesforce Data Sync\n * Helpful Online References: http://help.xmatters.com/xmAPI/\n * B. Walton 5-3-2018\n */\nvar moment = require('moment-timezone');\nvar xmAPI = require('xmAPI');\nvar payload = JSON.parse(request.body);\n\n/** SECTION 1: CHECKING USER \n/** Step 1.1 Check xMatters to see if User Exists (payload.ID == targetName) **/\n    var GetUser = xmAPI.getUser(payload.ID);\n\n/** Step 1.2 If the User Already Exists in xMatters, Don't attempt to Create a User **/\n    if (GetUser.statusCode == 200) {\n        trigger.properties.Type = \"Update\";\n       UserInfo = JSON.parse(GetUser.body);\n       console.log( \"Retrieved person \" + UserInfo.targetName + \". ID = \" + UserInfo.id + \"Making Updates\\n\");\n       var UserUpdate = xmAPI.modifyUser(UserInfo.id,payload);\n            if(UserUpdate){\n                console.log(UserUpdate.firstName + \" \" + UserUpdate.lastName + \" Has been updated with the following data: \" + JSON.stringify(payload));\n            } else{\n                console.log(\"Error Modifying User. Check Above\");   \n            }\n    } \n\n/** Step 1.3 If the user Doesn't Exist, Create a New User **/\n    else { \n            trigger.properties.Type = \"Create New\";\n        console.log(\"\\n\\nUser Not Found. Attempting to Create User:\\n\");\n        var UserInfo = xmAPI.createUser(payload);\n            if (UserInfo.statusCode == 200) {\n                console.log(\"User \" + UserInfo.body.firstName + \" \" + UserInfo.body.lastName + \" was created Successfully. (xM User ID: \" + UserInfo.id + \")\\n\");\n            } else {\n                console.log(\"There was in error creating \" + payload.FirstName + \" \" + payload.LastName + \". Please check error Log Above.\\n\");\n            }\n    }\n\n/** SECTION 2: CHECKING FOR DEVICES\n/** Step 2.1 Add/Update SMS Text Device: **/\n    if(payload.MobilePhone && payload.MobilePhone !== 'null') {\n        console.log( '\\nAdding SMS Text Device: ' + payload.MobilePhone);\n        var QuerySMS = xmAPI.getSmsDevice(payload.ID);\n        if (QuerySMS.id){\n            console.log('Device Already Exists. Upating Device:');\n            var UpdateSMS = xmAPI.updateSmsDevice(QuerySMS.id,payload.MobilePhone);\n                if (UpdateSMS === true) {\n                    console.log(\"User \" + payload.FirstName + \" \" + payload.LastName + \" SMS Text Device was updated Successfully. SMS Text: \" + payload.MobilePhone + \"\\n\");\n                } else {\n                    console.log(\"There was error in updating \" + payload.FirstName + \" \" + payload.LastName + \"'s SMS Text Device. Please check error Log Above.\\n\");\n                }\n        } else {\n        var CreateSMS = xmAPI.createSmsDevice(UserInfo.id,payload.MobilePhone);\n            if (CreateSMS) {\n                console.log(\"User \" + payload.FirstName + \" \" + payload.LastName + \" SMS Text Device was creating Successfully. SMS Text: \" + payload.MobilePhone + \")\\n\");\n            } else {\n                console.log(\"There was in error creating \" + payload.FirstName + \" \" + payload.LastName + \"'s SMS Text Device. Please check error Log Above.\\n\");\n            }  \n        }\n    }\n\n/** Step 2.1 Add/Update Voice Device: **/\n    if(payload.HomePhone && payload.HomePhone !== 'null') {\n        console.log( '\\nAdding Voice Device: ' + payload.HomePhone);\n        var QueryVoice = xmAPI.getVoiceDevice(payload.ID);\n        if (QueryVoice.id){\n            console.log('Device Already Exists. Upating Device:');\n            var UpdateVoice = xmAPI.updateVoiceDevice(QueryVoice.id,payload.HomePhone);\n                if (UpdateVoice === true) {\n                    console.log(\"User \" + payload.FirstName + \" \" + payload.LastName + \" Voice Device was updated Successfully. Voice Device: \" + payload.HomePhone + \"\\n\");\n                } else {\n                    console.log(\"There was error in updating \" + payload.FirstName + \" \" + payload.LastName + \"'s Voice Device. Please check error Log Above.\\n\");\n                }\n        } else {\n        var CreateVoice = xmAPI.createVoiceDevice(UserInfo.id,payload.HomePhone);\n            if (CreateVoice) {\n                console.log(\"User \" + payload.FirstName + \" \" + payload.LastName + \" Voice Device was creating Successfully. Voice Device: \" + payload.HomePhone + \")\\n\");\n            } else {\n                console.log(\"There was in error creating \" + payload.FirstName + \" \" + payload.LastName + \"'s Voice Device. Please check error Log Above.\\n\");\n            }  \n        }\n    }\n    \n /** Step 2.3 Add/Update Add Work Email: **/\n    if(payload.Email && payload.Email !== 'null') {\n        console.log( '\\nAdding Work Email: ' + payload.Email);\n        var QueryEMAIL = xmAPI.getEmailDevice(payload.ID);\n            if (QueryEMAIL.id) {\n            console.log('Device Already Exists. Upating Device:');\n            var UpdateEMAIL = xmAPI.updateEmailDevice(QueryEMAIL.id,payload.Email);\n                if (UpdateEMAIL === true) {\n                    console.log(\"User \" + payload.FirstName + \" \" + payload.LastName + \"Email Device was created/updated Successfully. Email Device: \" + payload.Email + \"\\n\");\n                } else {\n                    console.log(\"There was in error creating \" + payload.FirstName + \" \" + payload.LastName + \"'s Email Device. Please check error Log Above.\\n\");\n                }\n        } else {\n        var CreateEMAIL = xmAPI.createEmailDevice(UserInfo.id,payload.Email);\n            if (CreateSMS) {\n                console.log(\"User \" + payload.FirstName + \" \" + payload.LastName + \" Email Device was created/updated Successfully. Email Device: \" + payload.Email + \")\\n\");\n            } else {\n                console.log(\"There was in error creating \" + payload.FirstName + \" \" + payload.LastName + \"'s Email Device. Please check error Log Above.\\n\");\n            }  \n        }\n    } \n\n/** SECTION 3: GROUP HANDLING\n/** Step 3.1 Check xMatters to see if Group Exists (payload.Department == targetName) **/\nconsole.log(\"USER & DEVICES STEPS COMPLETE: MOVING ON TO GROUP:\\n\")\n    var GetGroup = xmAPI.getGroup(payload.Department);\n\n/** Step 3.2 If the Group Already Exists in xMatters, Don't attempt to Create a Group **/\n    if (GetGroup.statusCode == 200) {\n       var GroupInfo = JSON.parse(GetGroup.body);\n       console.log( \"Retrieved Group \" + GroupInfo.targetName + \". ID = \" + GroupInfo.id + \"\\n\");\n       console.log(GroupInfo.targetName + \" already exists.\\nNot creating duplicate group.\\n\\n\");\n    } \n\n/** Step 3.3 If the Group Doesn't Exist, Create a New Group **/\n    else { \n        console.log(\"\\n\\nGroup Not Found. Attempting to Create Group:\\n\");\n        var GroupInfo = xmAPI.createGroup(payload.Department);\n            if (GroupInfo) {\n                console.log(\"Group \" + GroupInfo.targetName + \" was created Successfully. (xM Group ID: \" + GroupInfo.id + \")\\n\");\n            } else {\n                console.log(\"There was in error creating \" + payload.Department +  \". Please check error Log Above.\\n\");\n            }\n    }\n\n/** SECTION 4: GROUP ROSTER **/\n/** Step 4.1: Adding User to Group **/\n    console.log(\"Attempting to Add \" + UserInfo.id + \" To \" + GroupInfo.targetName + \" group.\");\n\n    var AddUserToGroup = xmAPI.addGroupMember(UserInfo.id,GroupInfo.targetName);\n    if (AddUserToGroup) {\n\n/** Step 4.2 Adding user to the Default Shift **/\n        console.log( \"Added member \" + AddUserToGroup.targetName + \" to \" + GroupInfo.targetName + \" Roster.\\n Adding to Default Shift\");\n        var AddUserToShift = xmAPI.addShift(UserInfo.id,GroupInfo.targetName);\n            if(AddUserToShift.statusCode == 200){\n                console.log(\"Added \" + UserInfo.firstName + \" \" + UserInfo.lastName + \" to Default Shift \");\n            } else {\n                console.log(\"Error Adding \" + UserInfo.firstName + \" \" + UserInfo.lastName + \" to Default Shift. Check Error Above\");\n            }\n/** Step 4.3: Error Handling if User Cannot be Added to Roster **/\n    } else {\n        console.log( \"Error Adding \" + UserInfo.firstName + \" \" + UserInfo.lastName + \" to the Roster for \" + GroupInfo.targetName);\n    }\n           \n/** Trigger xMatters Notification to confirm user was created **/\nconsole.log(\"\\nTriggering New xMatters notification for Confirmation:\");\n\ntrigger.properties.FirstName = payload.FirstName;\ntrigger.properties.LastName = payload.LastName;\ntrigger.properties.MobilePhone = payload.MobilePhone;\ntrigger.properties.HomePhone = payload.HomePhone;\ntrigger.properties.Email = payload.Email;\ntrigger.properties.ID = payload.ID;\ntrigger.properties.Department = payload.Department;\ntrigger.properties.time = moment.tz('US/Pacific').format(\"MMMM Do YYYY, hh:mm:ss a\");\nform.post(trigger);\n\nconsole.log('Finished running an Integration Builder script.');\n",
      "environment": "HOSTED"
    },
    {
      "id": "df58970a-c9c3-417f-bf86-7e408554cb48",
      "name": "Delete Contact",
      "action": "CREATE_EVENT",
      "type": "INBOUND_WEBHOOK",
      "deployed": true,
      "form": "f4d91dd4-c773-4f0b-a312-77f75e459434",
      "script": "var xmAPI = require('xmAPI');\nvar payload = JSON.parse(request.body); \n\n\nvar request = xmAPI.deleteUser(payload.ID);\n    if(request){\n      console.log( 'Deleted the Person: ' + request.targetName + '. ID = '+ request.id);\n        var getGroupRoster = xmAPI.getGroupRoster(payload.Department);\n         console.log(JSON.stringify(getGroupRoster));\n        if (getGroupRoster.count === 0){\n            var deleteGroup = xmAPI.deleteGroup(payload.Department);\n            if (deleteGroup.id){\n                console.log(deleteGroup.targetName + \" \" + deleteGroup.recipientType + \" Has been Deleted.\");\n                trigger.properties.Department = payload.Department + \" Group Has Been Deleted.\";\n            }else {\n                (payload.ID + \" GROUP was Not Deleted due to an Error. See Above for more Details.\");\n                trigger.properties.Department = payload.Department + \" is an Empty Group, but has Not Been Deleted do to an Error. Please check xMatters.\";\n            }\n        } else {\n            console.log(payload.Department + \" GROUP Still has Members. Do Not Delete Group.\");\n            trigger.properties.Department = payload.Department + \" Group still Exists in xMatters.\";\n        }\n        console.log(\"\\nTriggering New xMatters Notification:\");\n        trigger.properties.Type = \"Delete\";\n        trigger.properties.FirstName = payload.FirstName;\n        trigger.properties.LastName = payload.LastName;\n        trigger.properties.MobilePhone = payload.MobilePhone;\n        trigger.properties.HomePhone = payload.HomePhone;\n        trigger.properties.Email = payload.Email;\n        trigger.properties.id = payload.id;\n\n        form.post(trigger);\n    } else {\n        console.log(\"Unable to Delete \" + payload.firstName + \" \" + payload.lastName + \". Check Above for Error\");\n    }\n        \nconsole.log('Finished running an Integration Builder script.');\n",
      "environment": "HOSTED"
    }
  ],
  "endpoints": [
    {
      "name": "Salesforce",
      "baseUrl": "",
      "type": "EXTERNAL",
      "authentication": "NO_AUTH"
    }
  ],
  "constants": [
    {
      "name": "GroupAllowDuplicates",
      "value": "false",
      "description": "Default Group Sync Behavior for Allowing Duplicates"
    },
    {
      "name": "GroupObservedByAll",
      "value": "true",
      "description": "Default Group Sync Behavior for Observed by All"
    },
    {
      "name": "GroupStatus",
      "value": "active",
      "description": "Group Status for Sync"
    },
    {
      "name": "GroupUseDefaultDevices",
      "value": "true",
      "description": "Default Group Sync Behavior for Using Default Devices"
    },
    {
      "name": "NameEmail",
      "value": "Work Email",
      "description": "Name of Email Device"
    },
    {
      "name": "NameSMS",
      "value": "SMS Phone",
      "description": "Name of SMS Device Type"
    },
    {
      "name": "NameVoice",
      "value": "Work Phone",
      "description": "Name of Voice Device"
    },
    {
      "name": "UserTimeZone",
      "value": "US/Pacific",
      "description": "TimeZone for Synced User"
    }
  ]
}